Source IP,Timestamp
216.58.204.138,2024-05-18 12:19:58
34.237.73.95,2024-05-18 12:19:58
192.168.1.127,2024-05-18 12:19:58
192.168.1.127,2024-05-18 12:19:58
216.58.204.138,2024-05-18 12:19:58
192.168.1.127,2024-05-18 12:19:58
216.58.204.138,2024-05-18 12:19:58
192.168.1.127,2024-05-18 12:19:58
216.58.204.138,2024-05-18 12:19:58
192.168.1.127,2024-05-18 12:19:58
192.168.1.127,2024-05-18 12:19:58
149.154.167.92,2024-05-18 12:19:58
216.58.204.138,2024-05-18 12:19:58
192.168.1.127,2024-05-18 12:19:58
50.116.51.33,2024-05-18 12:19:58
192.168.1.127,2024-05-18 12:19:58
192.168.1.127,2024-05-18 12:19:58
216.58.204.138,2024-05-18 12:19:58
50.116.51.33,2024-05-18 12:19:58
192.168.1.127,2024-05-18 12:19:58
192.168.1.127,2024-05-18 12:19:58
192.168.1.127,2024-05-18 12:19:58
185.199.108.133,2024-05-18 12:19:58
192.168.1.127,2024-05-18 12:19:58
192.168.1.127,2024-05-18 12:19:58
192.168.1.127,2024-05-18 12:19:58
192.168.1.127,2024-05-18 12:19:58
13.89.179.13,2024-05-18 12:19:58
13.89.179.13,2024-05-18 12:19:58
192.168.1.127,2024-05-18 12:19:58
192.168.1.124,2024-05-18 12:19:58
192.168.1.124,2024-05-18 12:19:58
192.168.1.127,2024-05-18 12:19:58
216.58.204.138,2024-05-18 12:19:58
13.89.179.13,2024-05-18 12:19:58
192.168.1.127,2024-05-18 12:19:58
216.58.204.138,2024-05-18 12:19:58
192.168.1.127,2024-05-18 12:19:58
192.168.1.127,2024-05-18 12:19:58
192.168.1.127,2024-05-18 12:19:58
31.13.86.50,2024-05-18 12:19:58
192.168.1.127,2024-05-18 12:19:58
192.168.1.127,2024-05-18 12:19:58
31.13.86.50,2024-05-18 12:19:58
31.13.86.50,2024-05-18 12:19:58
31.13.86.50,2024-05-18 12:19:58
192.168.1.127,2024-05-18 12:19:58
31.13.86.50,2024-05-18 12:19:58
192.168.1.127,2024-05-18 12:19:58
192.168.1.127,2024-05-18 12:19:58
192.168.1.127,2024-05-18 12:19:58
192.168.1.127,2024-05-18 12:19:58
192.168.1.127,2024-05-18 12:19:58
192.168.1.127,2024-05-18 12:19:58
192.168.1.127,2024-05-18 12:19:58
192.168.1.127,2024-05-18 12:19:58
31.13.86.50,2024-05-18 12:19:58
31.13.86.50,2024-05-18 12:19:58
31.13.86.50,2024-05-18 12:19:58
31.13.86.50,2024-05-18 12:19:58
192.168.1.127,2024-05-18 12:19:58
192.168.1.127,2024-05-18 12:19:58
31.13.86.50,2024-05-18 12:19:58
31.13.86.50,2024-05-18 12:19:58
192.168.1.127,2024-05-18 12:19:58
192.168.1.127,2024-05-18 12:19:58
31.13.86.50,2024-05-18 12:19:58
31.13.86.50,2024-05-18 12:19:58
192.168.1.127,2024-05-18 12:19:58
31.13.86.50,2024-05-18 12:19:58
31.13.86.50,2024-05-18 12:19:58
192.168.1.127,2024-05-18 12:19:58
192.168.1.127,2024-05-18 12:19:58
192.168.1.127,2024-05-18 12:19:58
192.168.1.127,2024-05-18 12:19:58
192.168.1.124,2024-05-18 12:19:58
192.168.1.124,2024-05-18 12:19:58
192.168.1.127,2024-05-18 12:19:58
192.168.1.127,2024-05-18 12:19:58
192.168.1.124,2024-05-18 12:19:58
192.168.1.124,2024-05-18 12:19:58
31.13.86.50,2024-05-18 12:19:58
31.13.86.50,2024-05-18 12:19:58
192.168.1.127,2024-05-18 12:19:58
